State,Year,Medicaid_Spending,Median_Income
Alabama,2021,11556.234647112782,56269.95417048596
Alabama,2022,11820.231897341902,57817.25939505035
Alabama,2023,12084.229147571023,59364.56461961521
Alabama,2024,12348.226397800143,60911.8698441796
Alabama,2025,12612.22364802938,62459.17506874446
Alabama,2026,12876.2208982585,64006.48029330885
Alabama,2027,13140.21814848762,65553.78551787371
Alabama,2028,13404.21539871674,67101.0907424381
Alabama,2029,13668.212648945977,68648.39596700296
Alabama,2030,13932.209899175097,70195.70119156735
Alabama,2031,14196.207149404217,71743.00641613221
Alabama,2032,14460.204399633338,73290.3116406966
Alabama,2033,14724.201649862458,74837.61686526146
Alabama,2034,14988.198900091695,76384.92208982585
Alabama,2035,15252.196150320815,77932.22731439071
Alabama,2036,15516.193400549935,79479.5325389551
Alabama,2037,15780.190650779055,81026.83776351996
Alabama,2038,16044.187901008292,82574.14298808435
Alabama,2039,16308.185151237412,84121.44821264921
Alabama,2040,16572.182401466533,85668.7534372136
Alabama,2041,16836.179651695653,87216.05866177846
Alabama,2042,17100.17690192489,88763.36388634285
Alabama,2043,17364.17415215401,90310.66911090771
Alabama,2044,17628.17140238313,91857.9743354721
Alabama,2045,17892.16865261225,93405.27956003696
Alabama,2046,18156.165902841487,94952.58478460135
Alabama,2047,18420.163153070607,96499.8900091662
Alabama,2048,18684.160403299727,98047.1952337306
Alabama,2049,18948.157653528848,99594.50045829499
Alabama,2050,19212.154903757968,101141.80568285985
Alaska,2021,4573.096241979802,80382.67644362943
Alaska,2022,4803.755270394089,82164.0513290558
Alaska,2023,5034.414298808377,83945.4262144817
Alaska,2024,5265.073327222664,85726.80109990807
Alaska,2025,5495.73235563701,87508.17598533444
Alaska,2026,5726.391384051298,89289.55087076034
Alaska,2027,5957.050412465585,91070.92575618671
Alaska,2028,6187.709440879873,92852.30064161308
Alaska,2029,6418.368469294161,94633.67552703898
Alaska,2030,6649.027497708506,96415.05041246535
Alaska,2031,6879.686526122794,98196.42529789172
Alaska,2032,7110.345554537082,99977.80018331762
Alaska,2033,7341.004582951369,101759.17506874399
Alaska,2034,7571.663611365657,103540.54995417036
Alaska,2035,7802.322639779944,105321.92483959626
Alaska,2036,8032.98166819429,107103.29972502263
Alaska,2037,8263.640696608578,108884.674610449
Alaska,2038,8494.299725022865,110666.0494958749
Alaska,2039,8724.958753437153,112447.42438130127
Alaska,2040,8955.61778185144,114228.79926672764
Alaska,2041,9186.276810265786,116010.17415215354
Alaska,2042,9416.935838680074,117791.54903757991
Alaska,2043,9647.594867094362,119572.92392300628
Alaska,2044,9878.25389550865,121354.29880843218
Alaska,2045,10108.912923922937,123135.67369385855
Alaska,2046,10339.571952337283,124917.04857928492
Alaska,2047,10570.23098075157,126698.42346471082
Alaska,2048,10800.890009165858,128479.7983501372
Alaska,2049,11031.549037580146,130261.17323556356
Alaska,2050,11262.208065994433,132042.54812098946
Arizona,2021,25623.30430797441,70641.83318056818
Arizona,2022,26894.5976168653,73169.62419798318
Arizona,2023,28165.89092575619,75697.41521539818
Arizona,2024,29437.18423464708,78225.20623281319
Arizona,2025,30708.47754353797,80752.99725022912
Arizona,2026,31979.77085242886,83280.78826764412
Arizona,2027,33251.06416131975,85808.57928505912
Arizona,2028,34522.35747021064,88336.37030247413
Arizona,2029,35793.650779102,90864.16131989006
Arizona,2030,37064.94408799289,93391.95233730506
Arizona,2031,38336.23739688378,95919.74335472006
Arizona,2032,39607.53070577467,98447.53437213507
Arizona,2033,40878.82401466556,100975.325389551
Arizona,2034,42150.11732355645,103503.116406966
Arizona,2035,43421.41063244734,106030.907424381
Arizona,2036,44692.70394133823,108558.698441796
Arizona,2037,45963.99725022912,111086.489459211
Arizona,2038,47235.29055912001,113614.28047662694
Arizona,2039,48506.5838680109,116142.07149404194
Arizona,2040,49777.87717690179,118669.86251145694
Arizona,2041,51049.17048579268,121197.65352887195
Arizona,2042,52320.46379468404,123725.44454628788
Arizona,2043,53591.75710357493,126253.23556370288
Arizona,2044,54863.05041246582,128781.02658111788
Arizona,2045,56134.34372135671,131308.81759853289
Arizona,2046,57405.6370302476,133836.60861594882
Arizona,2047,58676.93033913849,136364.39963336382
Arizona,2048,59948.22364802938,138892.19065077882
Arizona,2049,61219.51695692027,141419.98166819382
Arizona,2050,62490.81026581116,143947.77268560883
Arkansas,2021,13861.37396883592,54838.51512373937
Arkansas,2022,14496.96333638858,56497.20439963322
Arkansas,2023,15132.55270394124,58155.893675526604
Arkansas,2024,15768.142071494134,59814.58295142045
Arkansas,2025,16403.731439046795,61473.2722273143
Arkansas,2026,17039.320806599455,63131.96150320768
Arkansas,2027,17674.910174152115,64790.65077910153
Arkansas,2028,18310.499541704776,66449.34005499491
Arkansas,2029,18946.088909257436,68108.02933088876
Arkansas,2030,19581.67827681033,69766.71860678261
Arkansas,2031,20217.26764436299,71425.407882676
Arkansas,2032,20852.85701191565,73084.09715856984
Arkansas,2033,21488.44637946831,74742.78643446369
Arkansas,2034,22124.03574702097,76401.47571035707
Arkansas,2035,22759.625114573864,78060.16498625092
Arkansas,2036,23395.214482126525,79718.8542621443
Arkansas,2037,24030.803849679185,81377.54353803815
Arkansas,2038,24666.393217231845,83036.232813932
Arkansas,2039,25301.982584784506,84694.92208982538
Arkansas,2040,25937.5719523374,86353.61136571923
Arkansas,2041,26573.16131989006,88012.30064161308
Arkansas,2042,27208.75068744272,89670.98991750646
Arkansas,2043,27844.34005499538,91329.67919340031
Arkansas,2044,28479.92942254804,92988.3684692937
Arkansas,2045,29115.5187901007,94647.05774518754
Arkansas,2046,29751.108157653594,96305.74702108139
Arkansas,2047,30386.697525206255,97964.43629697477
Arkansas,2048,31022.286892758915,99623.12557286862
Arkansas,2049,31657.876260311576,101281.81484876247
Arkansas,2050,32293.465627864236,102940.50412465585
California,2021,181832.3217231892,80775.42621448264
California,2022,190420.43904674798,83518.48762603104
California,2023,199008.55637030303,86261.54903758038
California,2024,207596.6736938618,89004.61044912972
California,2025,216184.79101741686,91747.67186067812
California,2026,224772.90834097192,94490.73327222746
California,2027,233361.0256645307,97233.7946837768
California,2028,241949.14298808575,99976.8560953252
California,2029,250537.2603116408,102719.91750687454
California,2030,259125.37763519958,105462.97891842388
California,2031,267713.4949587546,108206.04032997228
California,2032,276301.6122823097,110949.10174152162
California,2033,284889.72960586846,113692.16315307096
California,2034,293477.8469294235,116435.22456461936
California,2035,302065.96425297856,119178.2859761687
California,2036,310654.08157653734,121921.34738771804
California,2037,319242.1989000924,124664.40879926737
California,2038,327830.31622364745,127407.47021081578
California,2039,336418.4335472062,130150.53162236512
California,2040,345006.5508707613,132893.59303391445
California,2041,353594.66819432005,135636.65444546286
California,2042,362182.7855178751,138379.7158570122
California,2043,370770.90284143016,141122.77726856153
California,2044,379359.02016498893,143865.83868010994
California,2045,387947.137488544,146608.90009165928
California,2046,396535.25481209904,149351.96150320861
California,2047,405123.3721356578,152095.02291475702
California,2048,413711.48945921287,154838.08432630636
California,2049,422299.6067827679,157581.1457378557
California,2050,430887.7241063267,160324.2071494041
Colorado,2021,20952.962907444686,82361.81485843658
Colorado,2022,22238.960031815805,84814.3885464305
Colorado,2023,23524.957156186923,87266.96223442443
Colorado,2024,24810.954280557577,89719.53592241928
Colorado,2025,26096.951404928695,92172.1096104132
Colorado,2026,27382.948529299814,94624.68329840712
Colorado,2027,28668.945653670467,97077.25698640198
Colorado,2028,29954.942778041586,99529.8306743959
Colorado,2029,31240.939902412705,101982.40436238982
Colorado,2030,32526.93702678336,104434.97805038467
Colorado,2031,33812.93415115448,106887.55173837859
Colorado,2032,35098.931275525596,109340.12542637251
Colorado,2033,36384.92839989625,111792.69911436737
Colorado,2034,37670.92552426737,114245.27280236129
Colorado,2035,38956.92264863849,116697.84649035521
Colorado,2036,40242.91977300914,119150.42017835006
Colorado,2037,41528.91689738026,121602.99386634398
Colorado,2038,42814.91402175138,124055.5675543379
Colorado,2039,44100.91114612203,126508.14124233276
Colorado,2040,45386.90827049315,128960.71493032668
Colorado,2041,46672.9053948638,131413.28861832153
Colorado,2042,47958.90251923492,133865.86230631545
Colorado,2043,49244.89964360604,136318.43599430937
Colorado,2044,50530.896767976694,138771.00968230423
Colorado,2045,51816.89389234781,141223.58337029815
Colorado,2046,53102.89101671893,143676.15705829207
Colorado,2047,54388.888141089585,146128.73074628692
Colorado,2048,55674.8852654607,148581.30443428084
Colorado,2049,56960.88238983182,151033.87812227476
Colorado,2050,58246.879514202476,153486.45181026962
Connecticut,2021,17794.240146654425,83294.39963336382
Connecticut,2022,18360.76076993579,85193.09807516029
Connecticut,2023,18927.281393217156,87091.79651695723
Connecticut,2024,19493.80201649852,88990.4949587537
Connecticut,2025,20060.322639779886,90889.19340055017
Connecticut,2026,20626.84326306125,92787.89184234664
Connecticut,2027,21193.363886342617,94686.59028414311
Connecticut,2028,21759.884509624215,96585.28872593958
Connecticut,2029,22326.40513290558,98483.98716773605
Connecticut,2030,22892.925756186945,100382.68560953252
Connecticut,2031,23459.44637946831,102281.38405132899
Connecticut,2032,24025.967002749676,104180.08249312546
Connecticut,2033,24592.48762603104,106078.7809349224
Connecticut,2034,25159.008249312406,107977.47937671887
Connecticut,2035,25725.52887259377,109876.17781851534
Connecticut,2036,26292.04949587537,111774.87626031181
Connecticut,2037,26858.570119156735,113673.57470210828
Connecticut,2038,27425.0907424381,115572.27314390475
Connecticut,2039,27991.611365719466,117470.97158570122
Connecticut,2040,28558.13198900083,119369.67002749769
Connecticut,2041,29124.652612282196,121268.36846929416
Connecticut,2042,29691.17323556356,123167.06691109063
Connecticut,2043,30257.693858844927,125065.76535288757
Connecticut,2044,30824.214482126525,126964.46379468404
Connecticut,2045,31390.73510540789,128863.16223648051
Connecticut,2046,31957.255728689255,130761.86067827698
Connecticut,2047,32523.77635197062,132660.55912007345
Connecticut,2048,33090.296975251986,134559.25756186992
Connecticut,2049,33656.81759853335,136457.9560036664
Connecticut,2050,34223.338221814716,138356.65444546286
Delaware,2021,4338.377635197074,73424.1796516953
Delaware,2022,4514.982584784564,75831.94317140151
Delaware,2023,4691.587534372113,78239.70669110864
Delaware,2024,4868.192483959661,80647.47021081485
Delaware,2025,5044.79743354721,83055.23373052198
Delaware,2026,5221.4023831347,85462.99725022912
Delaware,2027,5398.007332722249,87870.76076993532
Delaware,2028,5574.612282309798,90278.52428964246
Delaware,2029,5751.217231897346,92686.28780934867
Delaware,2030,5927.822181484837,95094.0513290558
Delaware,2031,6104.427131072385,97501.814848762
Delaware,2032,6281.032080659934,99909.57836846914
Delaware,2033,6457.6370302474825,102317.34188817535
Delaware,2034,6634.241979834973,104725.10540788248
Delaware,2035,6810.8469294225215,107132.86892758869
Delaware,2036,6987.45187901007,109540.63244729582
Delaware,2037,7164.056828597619,111948.39596700203
Delaware,2038,7340.661778185109,114356.15948670916
Delaware,2039,7517.266727772658,116763.92300641537
Delaware,2040,7693.871677360206,119171.6865261225
Delaware,2041,7870.476626947755,121579.45004582871
Delaware,2042,8047.081576535245,123987.21356553584
Delaware,2043,8223.686526122794,126394.97708524205
Delaware,2044,8400.291475710343,128802.74060494918
Delaware,2045,8576.896425297891,131210.5041246554
Delaware,2046,8753.501374885382,133618.26764436252
Delaware,2047,8930.10632447293,136026.03116406873
Delaware,2048,9106.711274060479,138433.79468377586
Delaware,2049,9283.316223648028,140841.558203483
Delaware,2050,9459.921173235576,143249.3217231892
Florida,2021,42890.49089610856,59473.59871474467
Florida,2022,43995.34951802902,61003.60228489805
Florida,2023,45100.208139949944,62533.605855051894
Florida,2024,46205.0667618704,64063.60942520527
Florida,2025,47309.92538379133,65593.61299535865
Florida,2026,48414.78400571225,67123.61656551203
Florida,2027,49519.64262763271,68653.62013566587
Florida,2028,50624.501249553636,70183.62370581925
Florida,2029,51729.359871474095,71713.62727597263
Florida,2030,52834.21849339502,73243.63084612647
Florida,2031,53939.077115315944,74773.63441627985
Florida,2032,55043.9357372364,76303.63798643323
Florida,2033,56148.79435915733,77833.64155658707
Florida,2034,57253.65298107779,79363.64512674045
Florida,2035,58358.51160299871,80893.64869689383
Florida,2036,59463.370224919636,82423.6522670472
Florida,2037,60568.228846840095,83953.65583720105
Florida,2038,61673.08746876102,85483.65940735443
Florida,2039,62777.946090681944,87013.6629775078
Florida,2040,63882.8047126024,88543.66654766165
Florida,2041,64987.66333452333,90073.67011781503
Florida,2042,66092.52195644379,91603.6736879684
Florida,2043,67197.38057836471,93133.67725812225
Florida,2044,68302.23920028564,94663.68082827562
Florida,2045,69407.0978222061,96193.684398429
Florida,2046,70511.95644412702,97723.68796858238
Florida,2047,71616.81506604748,99253.69153873622
Florida,2048,72721.6736879684,100783.6951088896
Florida,2049,73826.53230988933,102313.69867904298
Florida,2050,74931.39093180979,103843.70224919682
Georgia,2021,21168.22956919996,61370.858737655915
Georgia,2022,21764.60111635877,62975.7148990985
Georgia,2023,22360.97266351781,64580.571060541086
Georgia,2024,22957.34421067685,66185.42722198367
Georgia,2025,23553.71575783589,67790.28338342626
Georgia,2026,24150.08730499493,69395.13954486931
Georgia,2027,24746.45885215397,70999.99570631189
Georgia,2028,25342.83039931301,72604.85186775448
Georgia,2029,25939.20194647205,74209.70802919706
Georgia,2030,26535.573493630858,75814.56419063965
Georgia,2031,27131.9450407899,77419.4203520827
Georgia,2032,27728.31658794894,79024.27651352528
Georgia,2033,28324.68813510798,80629.13267496787
Georgia,2034,28921.05968226702,82233.98883641046
Georgia,2035,29517.43122942606,83838.84499785304
Georgia,2036,30113.8027765851,85443.70115929609
Georgia,2037,30710.174323743908,87048.55732073868
Georgia,2038,31306.545870902948,88653.41348218126
Georgia,2039,31902.91741806199,90258.26964362385
Georgia,2040,32499.28896522103,91863.12580506643
Georgia,2041,33095.66051238007,93467.98196650948
Georgia,2042,33692.03205953911,95072.83812795207
Georgia,2043,34288.40360669815,96677.69428939465
Georgia,2044,34884.77515385719,98282.55045083724
Georgia,2045,35481.146701016,99887.40661227982
Georgia,2046,36077.51824817504,101492.26277372288
Georgia,2047,36673.88979533408,103097.11893516546
Georgia,2048,37270.26134249312,104701.97509660805
Georgia,2049,37866.63288965216,106306.83125805063
Georgia,2050,38463.0044368112,107911.68741949322
Hawaii,2021,4324.053162236465,87819.45004582964
Hawaii,2022,4489.7791017415,90937.11274060514
Hawaii,2023,4655.505041246535,94054.77543538064
Hawaii,2024,4821.23098075157,97172.43813015614
Hawaii,2025,4986.956920256664,100290.10082493164
Hawaii,2026,5152.682859761699,103407.76351970714
Hawaii,2027,5318.408799266734,106525.4262144817
Hawaii,2028,5484.134738771769,109643.0889092572
Hawaii,2029,5649.860678276804,112760.7516040327
Hawaii,2030,5815.586617781839,115878.4142988082
Hawaii,2031,5981.312557286874,118996.0769935837
Hawaii,2032,6147.038496791909,122113.7396883592
Hawaii,2033,6312.764436296944,125231.4023831347
Hawaii,2034,6478.490375802037,128349.0650779102
Hawaii,2035,6644.216315307072,131466.7277726857
Hawaii,2036,6809.942254812107,134584.3904674612
Hawaii,2037,6975.6681943171425,137702.0531622367
Hawaii,2038,7141.3941338221775,140819.7158570122
Hawaii,2039,7307.120073327213,143937.3785517877
Hawaii,2040,7472.846012832248,147055.0412465632
Hawaii,2041,7638.571952337283,150172.70394133776
Hawaii,2042,7804.297891842318,153290.36663611326
Hawaii,2043,7970.023831347353,156408.02933088876
Hawaii,2044,8135.749770852446,159525.69202566426
Hawaii,2045,8301.475710357481,162643.35472043976
Hawaii,2046,8467.201649862516,165761.01741521526
Hawaii,2047,8632.927589367551,168878.68010999076
Hawaii,2048,8798.653528872586,171996.34280476626
Hawaii,2049,8964.379468377621,175114.00549954176
Hawaii,2050,9130.105407882656,178231.66819431726
Idaho,2021,4450.972669769661,68407.6671838332
Idaho,2022,4633.372717508057,70682.11958467681
Idaho,2023,4815.772765246453,72956.57198551949
Idaho,2024,4998.172812984849,75231.0243863631
Idaho,2025,5180.572860723245,77505.47678720672
Idaho,2026,5362.972908461641,79779.92918805033
Idaho,2027,5545.372956200037,82054.38158889301
Idaho,2028,5727.773003938433,84328.83398973662
Idaho,2029,5910.173051676829,86603.28639058024
Idaho,2030,6092.573099415225,88877.73879142385
Idaho,2031,6274.9731471536215,91152.19119226653
Idaho,2032,6457.373194892018,93426.64359311014
Idaho,2033,6639.773242630414,95701.09599395376
Idaho,2034,6822.17329036881,97975.54839479737
Idaho,2035,7004.573338107206,100250.00079564005
Idaho,2036,7186.973385845544,102524.45319648366
Idaho,2037,7369.37343358394,104798.90559732728
Idaho,2038,7551.773481322336,107073.35799817089
Idaho,2039,7734.173529060732,109347.81039901357
Idaho,2040,7916.573576799128,111622.26279985718
Idaho,2041,8098.973624537524,113896.7152007008
Idaho,2042,8281.37367227592,116171.16760154441
Idaho,2043,8463.773720014316,118445.62000238709
Idaho,2044,8646.173767752713,120720.0724032307
Idaho,2045,8828.573815491109,122994.52480407432
Idaho,2046,9010.973863229505,125268.97720491793
Idaho,2047,9193.3739109679,127543.42960576061
Idaho,2048,9375.773958706297,129817.88200660422
Idaho,2049,9558.174006444693,132092.33440744784
Idaho,2050,9740.57405418309,134366.78680829052
Illinois,2021,40406.10449129203,77551.04491292406
Illinois,2022,41807.048579284456,80400.48579285108
Illinois,2023,43207.99266727734,83249.92667277716
Illinois,2024,44608.936755269766,86099.36755270418
Illinois,2025,46009.880843262654,88948.8084326312
Illinois,2026,47410.824931255076,91798.24931255728
Illinois,2027,48811.769019247964,94647.6901924843
Illinois,2028,50212.713107240386,97497.13107241038
Illinois,2029,51613.657195233274,100346.5719523374
Illinois,2030,53014.60128322616,103196.01283226442
Illinois,2031,54415.545371218584,106045.4537121905
Illinois,2032,55816.48945921147,108894.89459211752
Illinois,2033,57217.433547203895,111744.33547204453
Illinois,2034,58618.37763519678,114593.77635197062
Illinois,2035,60019.321723189205,117443.21723189764
Illinois,2036,61420.26581118209,120292.65811182372
Illinois,2037,62821.209899174515,123142.09899175074
Illinois,2038,64222.1539871674,125991.53987167776
Illinois,2039,65623.09807515983,128840.98075160384
Illinois,2040,67024.04216315271,131690.42163153086
Illinois,2041,68424.98625114514,134539.86251145788
Illinois,2042,69825.93033913802,137389.30339138396
Illinois,2043,71226.87442713045,140238.74427131098
Illinois,2044,72627.81851512333,143088.18515123706
Illinois,2045,74028.76260311576,145937.62603116408
Illinois,2046,75429.70669110864,148787.0669110911
Illinois,2047,76830.65077910107,151636.50779101718
Illinois,2048,78231.59486709395,154485.9486709442
Illinois,2049,79632.53895508684,157335.38955087122
Illinois,2050,81033.48304307926,160184.8304307973
Indiana,2021,26061.601283226628,69149.3767186068
Indiana,2022,27438.15673693875,71716.7277726857
Indiana,2023,28814.71219065087,74284.0788267646
Indiana,2024,30191.26764436299,76851.4298808435
Indiana,2025,31567.823098075576,79418.7809349224
Indiana,2026,32944.3785517877,81986.1319890013
Indiana,2027,34320.93400549982,84553.4830430802
Indiana,2028,35697.48945921194,87120.8340971591
Indiana,2029,37074.04491292406,89688.18515123706
Indiana,2030,38450.60036663618,92255.53620531596
Indiana,2031,39827.1558203483,94822.88725939486
Indiana,2032,41203.711274060886,97390.23831347376
Indiana,2033,42580.26672777301,99957.58936755266
Indiana,2034,43956.82218148513,102524.94042163156
Indiana,2035,45333.37763519725,105092.29147571046
Indiana,2036,46709.93308890937,107659.64252978936
Indiana,2037,48086.48854262149,110226.99358386826
Indiana,2038,49463.043996334076,112794.34463794716
Indiana,2039,50839.5994500462,115361.69569202606
Indiana,2040,52216.15490375832,117929.04674610496
Indiana,2041,53592.71035747044,120496.39780018385
Indiana,2042,54969.26581118256,123063.74885426182
Indiana,2043,56345.82126489468,125631.09990834072
Indiana,2044,57722.3767186068,128198.45096241962
Indiana,2045,59098.932172319386,130765.80201649852
Indiana,2046,60475.48762603151,133333.15307057742
Indiana,2047,61852.04307974363,135900.50412465632
Indiana,2048,63228.59853345575,138467.85517873522
Indiana,2049,64605.15398716787,141035.20623281412
Indiana,2050,65981.70944087999,143602.55728689302
Iowa,2021,9512.79510175914,71317.10244912002
Iowa,2022,9804.847188685671,73241.57640565699
Iowa,2023,10096.899275612202,75166.05036219349
Iowa,2024,10388.951362538734,77090.52431873046
Iowa,2025,10681.003449465265,79014.99827526696
Iowa,2026,10973.055536391796,80939.47223180393
Iowa,2027,11265.107623318327,82863.94618834043
Iowa,2028,11557.159710244858,84788.4201448774
Iowa,2029,11849.211797171389,86712.8941014139
Iowa,2030,12141.26388409792,88637.36805795087
Iowa,2031,12433.31597102445,90561.84201448737
Iowa,2032,12725.368057950982,92486.31597102433
Iowa,2033,13017.420144877513,94410.78992756084
Iowa,2034,13309.472231804044,96335.2638840978
Iowa,2035,13601.524318730575,98259.7378406343
Iowa,2036,13893.57640565699,100184.21179717127
Iowa,2037,14185.62849258352,102108.68575370777
Iowa,2038,14477.680579510052,104033.15971024474
Iowa,2039,14769.732666436583,105957.63366678124
Iowa,2040,15061.784753363114,107882.10762331821
Iowa,2041,15353.836840289645,109806.58157985471
Iowa,2042,15645.888927216176,111731.05553639168
Iowa,2043,15937.941014142707,113655.52949292818
Iowa,2044,16229.993101069238,115580.00344946515
Iowa,2045,16522.04518799577,117504.47740600165
Iowa,2046,16814.0972749223,119428.95136253862
Iowa,2047,17106.14936184883,121353.42531907512
Iowa,2048,17398.201448775362,123277.89927561209
Iowa,2049,17690.253535701893,125202.37323214905
Iowa,2050,17982.305622628424,127126.84718868556
Kansas,2021,6445.26489459211,73331.7415215401
Kansas,2022,6637.640696608578,76234.14298808388
Kansas,2023,6830.016498625104,79136.5444546286
Kansas,2024,7022.392300641572,82038.94592117332
Kansas,2025,7214.768102658098,84941.3473877171
Kansas,2026,7407.143904674565,87843.74885426182
Kansas,2027,7599.519706691091,90746.15032080654
Kansas,2028,7791.895508707559,93648.55178735126
Kansas,2029,7984.271310724085,96550.95325389504
Kansas,2030,8176.647112740553,99453.35472043976
Kansas,2031,8369.022914757079,102355.75618698448
Kansas,2032,8561.398716773605,105258.1576535292
Kansas,2033,8753.774518790073,108160.55912007298
Kansas,2034,8946.150320806599,111062.9605866177
Kansas,2035,9138.526122823067,113965.36205316242
Kansas,2036,9330.901924839593,116867.7635197062
Kansas,2037,9523.27772685606,119770.16498625092
Kansas,2038,9715.653528872586,122672.56645279564
Kansas,2039,9908.029330889054,125574.96791934036
Kansas,2040,10100.40513290558,128477.36938588414
Kansas,2041,10292.780934922048,131379.77085242886
Kansas,2042,10485.156736938574,134282.17231897358
Kansas,2043,10677.532538955042,137184.57378551736
Kansas,2044,10869.908340971568,140086.97525206208
Kansas,2045,11062.284142988035,142989.3767186068
Kansas,2046,11254.659945004561,145891.77818515152
Kansas,2047,11447.03574702103,148794.1796516953
Kansas,2048,11639.411549037555,151696.58111824002
Kansas,2049,11831.787351054081,154598.98258478474
Kansas,2050,12024.163153070549,157501.38405132852
Kentucky,2021,21597.1166931428,58476.91487953393
Kentucky,2022,22769.288985967636,60490.07678051386
Kentucky,2023,23941.46127879247,62503.23868149333
Kentucky,2024,25113.63357161777,64516.400582472794
Kentucky,2025,26285.805864442606,66529.56248345273
Kentucky,2026,27457.97815726744,68542.7243844322
Kentucky,2027,28630.15045009274,70555.88628541166
Kentucky,2028,29802.322742917575,72569.04818639159
Kentucky,2029,30974.495035742875,74582.21008737106
Kentucky,2030,32146.66732856771,76595.37198835053
Kentucky,2031,33318.839621392544,78608.53388933046
Kentucky,2032,34491.011914217845,80621.69579030992
Kentucky,2033,35663.18420704268,82634.85769128939
Kentucky,2034,36835.356499867514,84648.01959226932
Kentucky,2035,38007.528792692814,86661.18149324879
Kentucky,2036,39179.70108551765,88674.34339422826
Kentucky,2037,40351.87337834248,90687.50529520819
Kentucky,2038,41524.04567116778,92700.66719618766
Kentucky,2039,42696.21796399262,94713.82909716712
Kentucky,2040,43868.39025681745,96726.99099814659
Kentucky,2041,45040.56254964275,98740.15289912652
Kentucky,2042,46212.73484246759,100753.31480010599
Kentucky,2043,47384.90713529242,102766.47670108546
Kentucky,2044,48557.07942811772,104779.63860206539
Kentucky,2045,49729.25172094256,106792.80050304485
Kentucky,2046,50901.42401376739,108805.96240402432
Kentucky,2047,52073.59630659269,110819.12430500425
Kentucky,2048,53245.768599417526,112832.28620598372
Kentucky,2049,54417.94089224236,114845.44810696319
Kentucky,2050,55590.11318506766,116858.61000794312
Louisiana,2021,23010.0530461343,51633.88522745576
Louisiana,2022,24134.82285806164,52875.32872528583
Louisiana,2023,25259.592669988982,54116.77222311543
Louisiana,2024,26384.362481916323,55358.2157209455
Louisiana,2025,27509.132293843664,56599.659218775574
Louisiana,2026,28633.902105771005,57841.102716605645
Louisiana,2027,29758.671917698346,59082.54621443525
Louisiana,2028,30883.441729625687,60323.98971226532
Louisiana,2029,32008.211541553028,61565.43321009539
Louisiana,2030,33132.98135348037,62806.876707924996
Louisiana,2031,34257.75116540771,64048.320205755066
Louisiana,2032,35382.52097733505,65289.76370358514
Louisiana,2033,36507.29078926239,66531.20720141474
Louisiana,2034,37632.06060118973,67772.65069924481
Louisiana,2035,38756.83041311707,69014.09419707488
Louisiana,2036,39881.600225044414,70255.53769490495
Louisiana,2037,41006.370036971755,71496.98119273456
Louisiana,2038,42131.139848899096,72738.42469056463
Louisiana,2039,43255.90966082644,73979.8681883947
Louisiana,2040,44380.67947275378,75221.3116862243
Louisiana,2041,45505.44928468112,76462.75518405437
Louisiana,2042,46630.21909660846,77704.19868188445
Louisiana,2043,47754.9889085358,78945.64217971405
Louisiana,2044,48879.75872046314,80187.08567754412
Louisiana,2045,50004.52853239048,81428.52917537419
Louisiana,2046,51129.298344317824,82669.97267320426
Louisiana,2047,52254.068156245165,83911.41617103387
Louisiana,2048,53378.837968172505,85152.85966886394
Louisiana,2049,54503.60778009985,86394.30316669401
Louisiana,2050,55628.37759202719,87635.74666452361
Maine,2021,5906.620531622379,62984.0513290558
Maine,2022,6051.507791017415,64546.26947754342
Maine,2023,6196.395050412451,66108.48762603104
Maine,2024,6341.282309807488,67670.70577451866
Maine,2025,6486.169569202524,69232.92392300628
Maine,2026,6631.056828597619,70795.1420714939
Maine,2027,6775.944087992655,72357.36021998152
Maine,2028,6920.8313473876915,73919.57836846914
Maine,2029,7065.718606782728,75481.79651695676
Maine,2030,7210.6058661778225,77044.01466544438
Maine,2031,7355.493125572859,78606.232813932
Maine,2032,7500.380384967895,80168.45096241962
Maine,2033,7645.267644362932,81730.66911090724
Maine,2034,7790.154903758026,83292.88725939486
Maine,2035,7935.042163153063,84855.10540788248
Maine,2036,8079.929422548099,86417.3235563701
Maine,2037,8224.816681943135,87979.54170485772
Maine,2038,8369.70394133823,89541.75985334534
Maine,2039,8514.591200733266,91103.97800183296
Maine,2040,8659.478460128303,92666.19615032058
Maine,2041,8804.365719523339,94228.4142988082
Maine,2042,8949.252978918434,95790.63244729582
Maine,2043,9094.14023831347,97352.85059578344
Maine,2044,9239.027497708506,98915.06874427106
Maine,2045,9383.914757103543,100477.28689275868
Maine,2046,9528.802016498637,102039.5050412463
Maine,2047,9673.689275893674,103601.72318973392
Maine,2048,9818.57653528871,105163.94133822154
Maine,2049,9963.463794683747,106726.15948670916
Maine,2050,10108.351054078783,108288.37763519678
Maryland,2021,24010.48524328647,95872.34777984675
Maryland,2022,25082.797527253628,99039.82584419101
Maryland,2023,26155.109811220784,102207.30390853528
Maryland,2024,27227.422095187474,105374.78197288048
Maryland,2025,28299.73437915463,108542.26003722474
Maryland,2026,29372.046663121786,111709.738101569
Maryland,2027,30444.358947088942,114877.2161659142
Maryland,2028,31516.671231055632,118044.69423025846
Maryland,2029,32588.98351502279,121212.17229460273
Maryland,2030,33661.295798989944,124379.65035894793
Maryland,2031,34733.6080829571,127547.12842329219
Maryland,2032,35805.92036692379,130714.60648763645
Maryland,2033,36878.23265089095,133882.08455198165
Maryland,2034,37950.5449348581,137049.56261632591
Maryland,2035,39022.85721882526,140217.04068067018
Maryland,2036,40095.16950279195,143384.51874501538
Maryland,2037,41167.481786759105,146551.99680935964
Maryland,2038,42239.79407072626,149719.47487370484
Maryland,2039,43312.10635469295,152886.9529380491
Maryland,2040,44384.41863866011,156054.43100239336
Maryland,2041,45456.73092262726,159221.90906673856
Maryland,2042,46529.04320659442,162389.38713108283
Maryland,2043,47601.35549056111,165556.8651954271
Maryland,2044,48673.667774528265,168724.3432597723
Maryland,2045,49745.98005849542,171891.82132411655
Maryland,2046,50818.29234246258,175059.29938846081
Maryland,2047,51890.60462642927,178226.777452806
Maryland,2048,52962.91691039642,181394.25551715028
Maryland,2049,54035.22919436358,184561.73358149454
Maryland,2050,55107.54147833027,187729.21164583974
Massachusetts,2021,35442.22731439024,90711.86067827605
Massachusetts,2022,36604.19340055017,94017.2685609525
Massachusetts,2023,37766.15948670963,97322.67644362897
Massachusetts,2024,38928.12557286909,100628.08432630543
Massachusetts,2025,40090.09165902855,103933.49220898189
Massachusetts,2026,41252.05774518801,107238.90009165835
Massachusetts,2027,42414.02383134747,110544.3079743348
Massachusetts,2028,43575.98991750693,113849.71585701127
Massachusetts,2029,44737.95600366639,117155.12373968773
Massachusetts,2030,45899.92208982585,120460.53162236419
Massachusetts,2031,47061.88817598531,123765.93950504065
Massachusetts,2032,48223.85426214477,127071.3473877171
Massachusetts,2033,49385.82034830423,130376.75527039357
Massachusetts,2034,50547.78643446369,133682.16315307003
Massachusetts,2035,51709.75252062315,136987.57103574648
Massachusetts,2036,52871.71860678261,140292.97891842294
Massachusetts,2037,54033.68469294207,143598.3868010994
Massachusetts,2038,55195.65077910153,146903.79468377586
Massachusetts,2039,56357.61686526099,150209.20256645232
Massachusetts,2040,57519.58295142092,153514.61044912878
Massachusetts,2041,58681.54903758038,156820.01833180524
Massachusetts,2042,59843.51512373984,160125.4262144817
Massachusetts,2043,61005.4812098993,163430.83409715816
Massachusetts,2044,62167.44729605876,166736.24197983462
Massachusetts,2045,63329.41338221822,170041.64986251108
Massachusetts,2046,64491.37946837768,173347.05774518754
Massachusetts,2047,65653.34555453714,176652.465627864
Massachusetts,2048,66815.3116406966,179957.87351054046
Massachusetts,2049,67977.27772685606,183263.28139321692
Massachusetts,2050,69139.24381301552,186568.68927589338
Michigan,2021,35453.70119156735,65548.34097158536
Michigan,2022,36913.93125572847,67278.79010082455
Michigan,2023,38374.161319889594,69009.23923006374
Michigan,2024,39834.39138405118,70739.68835930293
Michigan,2025,41294.6214482123,72470.13748854212
Michigan,2026,42754.85151237389,74200.58661778131
Michigan,2027,44215.08157653501,75931.0357470205
Michigan,2028,45675.3116406966,77661.4848762597
Michigan,2029,47135.54170485772,79391.93400549889
Michigan,2030,48595.771769018844,81122.38313473808
Michigan,2031,50056.00183318043,82852.83226397773
Michigan,2032,51516.23189734155,84583.28139321692
Michigan,2033,52976.46196150314,86313.73052245611
Michigan,2034,54436.69202566426,88044.1796516953
Michigan,2035,55896.922089825384,89774.6287809345
Michigan,2036,57357.15215398697,91505.07791017368
Michigan,2037,58817.382218148094,93235.52703941287
Michigan,2038,60277.61228230968,94965.97616865207
Michigan,2039,61737.8423464708,96696.42529789126
Michigan,2040,63198.07241063239,98426.87442713045
Michigan,2041,64658.30247479351,100157.32355636964
Michigan,2042,66118.53253895463,101887.77268560883
Michigan,2043,67578.76260311622,103618.22181484848
Michigan,2044,69038.99266727734,105348.67094408767
Michigan,2045,70499.22273143893,107079.12007332686
Michigan,2046,71959.45279560005,108809.56920256605
Michigan,2047,73419.68285976164,110540.01833180524
Michigan,2048,74879.91292392276,112270.46746104443
Michigan,2049,76340.14298808388,114000.91659028362
Michigan,2050,77800.37305224547,115731.36571952282
Minnesota,2021,25609.628753090743,81854.93465206679
Minnesota,2022,26621.40981342923,84192.12645708304
Minnesota,2023,27633.190873767715,86529.31826209929
Minnesota,2024,28644.9719341062,88866.5100671146
Minnesota,2025,29656.752994444454,91203.70187213086
Minnesota,2026,30668.53405478294,93540.89367714617
Minnesota,2027,31680.315115121426,95878.08548216242
Minnesota,2028,32692.096175459912,98215.27728717867
Minnesota,2029,33703.8772357984,100552.46909219399
Minnesota,2030,34715.658296136884,102889.66089721024
Minnesota,2031,35727.43935647537,105226.85270222556
Minnesota,2032,36739.220416813856,107564.04450724181
Minnesota,2033,37751.00147715234,109901.23631225806
Minnesota,2034,38762.78253749083,112238.42811727338
Minnesota,2035,39774.56359782908,114575.61992228962
Minnesota,2036,40786.34465816757,116912.81172730587
Minnesota,2037,41798.12571850605,119250.00353232119
Minnesota,2038,42809.90677884454,121587.19533733744
Minnesota,2039,43821.687839183025,123924.38714235276
Minnesota,2040,44833.46889952151,126261.57894736901
Minnesota,2041,45845.24995986,128598.77075238526
Minnesota,2042,46857.03102019848,130935.96255740058
Minnesota,2043,47868.81208053697,133273.15436241683
Minnesota,2044,48880.59314087522,135610.34616743308
Minnesota,2045,49892.37420121371,137947.5379724484
Minnesota,2046,50904.155261552194,140284.72977746464
Minnesota,2047,51915.93632189068,142621.92158247996
Minnesota,2048,52927.717382229166,144959.1133874962
Minnesota,2049,53939.49844256765,147296.30519251246
Minnesota,2050,54951.27950290614,149633.49699752778
Mississippi,2021,9999.956003666332,46023.98716773582
Mississippi,2022,10146.769019248371,46998.43263061391
Mississippi,2023,10293.582034830411,47972.87809349201
Mississippi,2024,10440.395050412451,48947.3235563701
Mississippi,2025,10587.208065994491,49921.7690192482
Mississippi,2026,10734.021081576531,50896.21448212629
Mississippi,2027,10880.834097158571,51870.65994500439
Mississippi,2028,11027.647112740611,52845.10540788248
Mississippi,2029,11174.460128322651,53819.55087076058
Mississippi,2030,11321.273143904691,54793.99633363867
Mississippi,2031,11468.086159486673,55768.44179651677
Mississippi,2032,11614.899175068713,56742.88725939486
Mississippi,2033,11761.712190650753,57717.33272227296
Mississippi,2034,11908.525206232793,58691.77818515105
Mississippi,2035,12055.338221814833,59666.22364802915
Mississippi,2036,12202.151237396873,60640.66911090724
Mississippi,2037,12348.964252978913,61615.11457378534
Mississippi,2038,12495.777268560953,62589.56003666343
Mississippi,2039,12642.590284142992,63564.00549954153
Mississippi,2040,12789.403299725032,64538.45096241962
Mississippi,2041,12936.216315307072,65512.89642529772
Mississippi,2042,13083.029330889112,66487.34188817581
Mississippi,2043,13229.842346471094,67461.7873510539
Mississippi,2044,13376.655362053134,68436.232813932
Mississippi,2045,13523.468377635174,69410.6782768101
Mississippi,2046,13670.281393217214,70385.12373968819
Mississippi,2047,13817.094408799254,71359.56920256629
Mississippi,2048,13963.907424381294,72334.01466544438
Mississippi,2049,14110.720439963334,73308.46012832248
Mississippi,2050,14257.533455545374,74282.90559120057
Missouri,2021,21396.317555313697,64778.7359448676
Missouri,2022,21942.704026115127,66519.0179542983
Missouri,2023,22489.09049691679,68259.29996372852
Missouri,2024,23035.476967718452,69999.58197315922
Missouri,2025,23581.863438520115,71739.86398258992
Missouri,2026,24128.249909321545,73480.14599202015
Missouri,2027,24674.636380123207,75220.42800145084
Missouri,2028,25221.02285092487,76960.71001088154
Missouri,2029,25767.4093217263,78700.99202031177
Missouri,2030,26313.795792527962,80441.27402974246
Missouri,2031,26860.182263329625,82181.55603917316
Missouri,2032,27406.568734131288,83921.83804860339
Missouri,2033,27952.955204932718,85662.12005803408
Missouri,2034,28499.34167573438,87402.40206746478
Missouri,2035,29045.728146536043,89142.684076895
Missouri,2036,29592.114617337473,90882.9660863257
Missouri,2037,30138.501088139135,92623.2480957564
Missouri,2038,30684.887558940798,94363.53010518663
Missouri,2039,31231.27402974246,96103.81211461732
Missouri,2040,31777.66050054389,97844.09412404802
Missouri,2041,32324.046971345553,99584.37613347825
Missouri,2042,32870.433442147216,101324.65814290894
Missouri,2043,33416.819912948646,103064.94015233964
Missouri,2044,33963.20638375031,104805.22216176987
Missouri,2045,34509.59285455197,106545.50417120056
Missouri,2046,35055.97932535363,108285.78618063126
Missouri,2047,35602.36579615506,110026.06819006149
Missouri,2048,36148.752266956726,111766.35019949218
Missouri,2049,36695.13873775839,113506.63220892288
Missouri,2050,37241.52520855982,115246.91421835311
Montana,2021,4337.351970668999,64580.54995417036
Montana,2022,4621.847846012795,66842.88725939486
Montana,2023,4906.343721356476,69105.22456461936
Montana,2024,5190.8395967002725,71367.56186984386
Montana,2025,5475.335472043953,73629.89917506836
Montana,2026,5759.831347387633,75892.23648029286
Montana,2027,6044.32722273143,78154.5737855183
Montana,2028,6328.8230980751105,80416.9110907428
Montana,2029,6613.318973418791,82679.2483959673
Montana,2030,6897.814848762588,84941.5857011918
Montana,2031,7182.310724106268,87203.9230064163
Montana,2032,7466.806599449948,89466.2603116408
Montana,2033,7751.302474793745,91728.5976168653
Montana,2034,8035.798350137426,93990.9349220898
Montana,2035,8320.294225481106,96253.2722273143
Montana,2036,8604.790100824903,98515.6095325388
Montana,2037,8889.285976168583,100777.9468377633
Montana,2038,9173.781851512264,103040.2841429878
Montana,2039,9458.27772685606,105302.6214482123
Montana,2040,9742.77360219974,107564.9587534368
Montana,2041,10027.269477543538,109827.29605866224
Montana,2042,10311.765352887218,112089.63336388674
Montana,2043,10596.261228230898,114351.97066911124
Montana,2044,10880.757103574695,116614.30797433574
Montana,2045,11165.252978918375,118876.64527956024
Montana,2046,11449.748854262056,121138.98258478474
Montana,2047,11734.244729605853,123401.31989000924
Montana,2048,12018.740604949533,125663.65719523374
Montana,2049,12303.236480293213,127925.99450045824
Montana,2050,12587.73235563701,130188.33180568274
Nebraska,2021,4262.694095075683,72626.38761153631
Nebraska,2022,4374.594969089754,74769.12446325831
Nebraska,2023,4486.495843103825,76911.86131498031
Nebraska,2024,4598.396717117896,79054.59816670232
Nebraska,2025,4710.297591131966,81197.33501842525
Nebraska,2026,4822.198465146037,83340.07187014725
Nebraska,2027,4934.099339160108,85482.80872186925
Nebraska,2028,5046.0002131741785,87625.54557359125
Nebraska,2029,5157.901087188249,89768.28242531326
Nebraska,2030,5269.80196120232,91911.01927703526
Nebraska,2031,5381.702835216391,94053.75612875726
Nebraska,2032,5493.603709230461,96196.4929804802
Nebraska,2033,5605.504583244532,98339.2298322022
Nebraska,2034,5717.405457258603,100481.9666839242
Nebraska,2035,5829.306331272674,102624.7035356462
Nebraska,2036,5941.207205286744,104767.4403873682
Nebraska,2037,6053.108079300786,106910.1772390902
Nebraska,2038,6165.008953314857,109052.9140908122
Nebraska,2039,6276.909827328927,111195.65094253514
Nebraska,2040,6388.810701342998,113338.38779425714
Nebraska,2041,6500.711575357069,115481.12464597914
Nebraska,2042,6612.6124493711395,117623.86149770115
Nebraska,2043,6724.51332338521,119766.59834942315
Nebraska,2044,6836.414197399281,121909.33520114515
Nebraska,2045,6948.315071413352,124052.07205286808
Nebraska,2046,7060.215945427422,126194.80890459009
Nebraska,2047,7172.116819441493,128337.54575631209
Nebraska,2048,7284.017693455564,130480.28260803409
Nebraska,2049,7395.918567469635,132623.0194597561
Nebraska,2050,7507.819441483705,134765.7563114781
Nevada,2021,8653.601143284934,67895.98761441372
Nevada,2022,9243.003879002528,70234.95797747467
Nevada,2023,9832.40661471989,72573.92834053561
Nevada,2024,10421.809350437252,74912.89870359655
Nevada,2025,11011.212086154846,77251.8690666575
Nevada,2026,11600.614821872208,79590.83942971844
Nevada,2027,12190.01755758957,81929.80979278032
Nevada,2028,12779.420293307165,84268.78015584126
Nevada,2029,13368.823029024526,86607.7505189022
Nevada,2030,13958.225764742121,88946.72088196315
Nevada,2031,14547.628500459483,91285.69124502409
Nevada,2032,15137.031236176845,93624.66160808504
Nevada,2033,15726.43397189444,95963.63197114598
Nevada,2034,16315.836707611801,98302.60233420692
Nevada,2035,16905.239443329163,100641.57269726787
Nevada,2036,17494.642179046758,102980.54306032881
Nevada,2037,18084.04491476412,105319.51342338976
Nevada,2038,18673.44765048148,107658.4837864507
Nevada,2039,19262.850386199076,109997.45414951164
Nevada,2040,19852.253121916438,112336.42451257259
Nevada,2041,20441.6558576338,114675.39487563446
Nevada,2042,21031.058593351394,117014.3652386954
Nevada,2043,21620.461329068756,119353.33560175635
Nevada,2044,22209.86406478635,121692.3059648173
Nevada,2045,22799.266800503712,124031.27632787824
Nevada,2046,23388.669536221074,126370.24669093918
Nevada,2047,23978.07227193867,128709.21705400012
Nevada,2048,24567.47500765603,131048.18741706107
Nevada,2049,25156.877743373392,133387.157780122
Nevada,2050,25746.280479090987,135726.12814318296
New Hampshire,2021,4472.897341888165,88732.25481209904
New Hampshire,2022,4710.461044912867,91086.83776351996
New Hampshire,2023,4948.024747937627,93441.42071493994
New Hampshire,2024,5185.588450962387,95796.00366636086
New Hampshire,2025,5423.152153987146,98150.58661778178
New Hampshire,2026,5660.715857011906,100505.1695692027
New Hampshire,2027,5898.279560036608,102859.75252062362
New Hampshire,2028,6135.843263061368,105214.3354720436
New Hampshire,2029,6373.406966086128,107568.91842346452
New Hampshire,2030,6610.970669110888,109923.50137488544
New Hampshire,2031,6848.534372135589,112278.08432630636
New Hampshire,2032,7086.098075160349,114632.66727772634
New Hampshire,2033,7323.661778185109,116987.25022914726
New Hampshire,2034,7561.225481209869,119341.83318056818
New Hampshire,2035,7798.789184234629,121696.4161319891
New Hampshire,2036,8036.352887259331,124050.99908341002
New Hampshire,2037,8273.91659028409,126405.58203483
New Hampshire,2038,8511.48029330885,128760.16498625092
New Hampshire,2039,8749.04399633361,131114.74793767184
New Hampshire,2040,8986.60769935837,133469.33088909276
New Hampshire,2041,9224.171402383072,135823.91384051368
New Hampshire,2042,9461.735105407832,138178.49679193366
New Hampshire,2043,9699.298808432592,140533.07974335458
New Hampshire,2044,9936.862511457352,142887.6626947755
New Hampshire,2045,10174.426214482111,145242.24564619642
New Hampshire,2046,10411.989917506813,147596.8285976164
New Hampshire,2047,10649.553620531573,149951.41154903732
New Hampshire,2048,10887.117323556333,152305.99450045824
New Hampshire,2049,11124.681026581093,154660.57745187916
New Hampshire,2050,11362.244729605853,157015.16040330008
New Jersey,2021,31685.89275893662,85369.01924839616
New Jersey,2022,33015.18698441796,87997.3510540789
New Jersey,2023,34344.4812098993,90625.68285976164
New Jersey,2024,35673.77543538064,93254.01466544438
New Jersey,2025,37003.06966086151,95882.34647112712
New Jersey,2026,38332.36388634285,98510.67827680986
New Jersey,2027,39661.65811182419,101139.0100824926
New Jersey,2028,40990.95233730553,103767.34188817535
New Jersey,2029,42320.2465627864,106395.67369385902
New Jersey,2030,43649.54078826774,109024.00549954176
New Jersey,2031,44978.83501374908,111652.3373052245
New Jersey,2032,46308.12923922995,114280.66911090724
New Jersey,2033,47637.42346471129,116909.00091658998
New Jersey,2034,48966.71769019263,119537.33272227272
New Jersey,2035,50296.01191567397,122165.66452795547
New Jersey,2036,51625.30614115484,124793.9963336382
New Jersey,2037,52954.60036663618,127422.32813932188
New Jersey,2038,54283.89459211752,130050.65994500462
New Jersey,2039,55613.18881759839,132678.99175068736
New Jersey,2040,56942.48304307973,135307.3235563701
New Jersey,2041,58271.77726856107,137935.65536205284
New Jersey,2042,59601.07149404241,140563.98716773558
New Jersey,2043,60930.36571952328,143192.31897341833
New Jersey,2044,62259.65994500462,145820.65077910107
New Jersey,2045,63588.95417048596,148448.98258478474
New Jersey,2046,64918.2483959673,151077.31439046748
New Jersey,2047,66247.54262144817,153705.64619615022
New Jersey,2048,67576.83684692951,156333.97800183296
New Jersey,2049,68906.13107241085,158962.3098075157
New Jersey,2050,70235.42529789172,161590.64161319844
New Mexico,2021,10981.147565645399,52744.213621444535
New Mexico,2022,11513.302789934212,53928.76641137898
New Mexico,2023,12045.458014223026,55113.319201313425
New Mexico,2024,12577.61323851184,56297.87199124787
New Mexico,2025,13109.768462800654,57482.42478118185
New Mexico,2026,13641.923687089467,58666.977571116295
New Mexico,2027,14174.078911378514,59851.53036105074
New Mexico,2028,14706.234135667328,61036.083150985185
New Mexico,2029,15238.389359956142,62220.63594091963
New Mexico,2030,15770.544584244955,63405.18873085361
New Mexico,2031,16302.69980853377,64589.741520788055
New Mexico,2032,16834.855032822583,65774.2943107225
New Mexico,2033,17367.010257111397,66958.84710065695
New Mexico,2034,17899.16548140021,68143.39989059139
New Mexico,2035,18431.320705689257,69327.95268052584
New Mexico,2036,18963.47592997807,70512.50547045982
New Mexico,2037,19495.631154266885,71697.05826039426
New Mexico,2038,20027.7863785557,72881.6110503287
New Mexico,2039,20559.941602844512,74066.16384026315
New Mexico,2040,21092.096827133326,75250.7166301976
New Mexico,2041,21624.25205142214,76435.26942013158
New Mexico,2042,22156.407275710953,77619.82221006602
New Mexico,2043,22688.562499999767,78804.37500000047
New Mexico,2044,23220.717724288814,79988.92778993491
New Mexico,2045,23752.872948577628,81173.48057986936
New Mexico,2046,24285.02817286644,82358.03336980334
New Mexico,2047,24817.183397155255,83542.58615973778
New Mexico,2048,25349.33862144407,84727.13894967223
New Mexico,2049,25881.493845732883,85911.69173960667
New Mexico,2050,26413.649070021696,87096.24452954112
New York,2021,140692.80040014163,73645.10533129424
New York,2022,145288.9295045305,76268.79604566377
New York,2023,149885.05860892124,78892.4867600333
New York,2024,154481.18771331012,81516.17747440375
New York,2025,159077.31681770086,84139.86818877328
New York,2026,163673.44592208974,86763.55890314281
New York,2027,168269.57502648048,89387.24961751234
New York,2028,172865.70413086936,92010.9403318828
New York,2029,177461.8332352601,94634.63104625233
New York,2030,182057.96233964898,97258.32176062185
New York,2031,186654.09144403972,99882.01247499138
New York,2032,191250.2205484286,102505.70318936184
New York,2033,195846.34965281934,105129.39390373137
New York,2034,200442.4787572082,107753.0846181009
New York,2035,205038.60786159895,110376.77533247136
New York,2036,209634.73696598783,113000.46604684088
New York,2037,214230.86607037857,115624.15676121041
New York,2038,218826.99517476745,118247.84747557994
New York,2039,223423.1242791582,120871.5381899504
New York,2040,228019.25338354707,123495.22890431993
New York,2041,232615.3824879378,126118.91961868946
New York,2042,237211.5115923267,128742.61033305898
New York,2043,241807.64069671743,131366.30104742944
New York,2044,246403.7698011063,133989.99176179897
New York,2045,250999.89890549704,136613.6824761685
New York,2046,255596.02800988592,139237.37319053803
New York,2047,260192.15711427666,141861.0639049085
New York,2048,264788.28621866554,144484.754619278
New York,2049,269384.4153230544,147108.44533364754
New York,2050,273980.54442744516,149732.136048018
North Carolina,2021,28111.85464307014,61344.964284075424
North Carolina,2022,28848.835951481247,63374.33883475838
North Carolina,2023,29585.81725989259,65403.71338544134
North Carolina,2024,30322.798568303697,67433.0879361243
North Carolina,2025,31059.779876714805,69462.46248680726
North Carolina,2026,31796.761185126146,71491.83703749022
North Carolina,2027,32533.742493537255,73521.21158817317
North Carolina,2028,33270.723801948596,75550.58613885613
North Carolina,2029,34007.705110359704,77579.96068953909
North Carolina,2030,34744.686418771045,79609.33524022205
North Carolina,2031,35481.66772718215,81638.709790905
North Carolina,2032,36218.649035593495,83668.08434158796
North Carolina,2033,36955.6303440046,85697.45889227092
North Carolina,2034,37692.611652415944,87726.83344295388
North Carolina,2035,38429.59296082705,89756.20799363684
North Carolina,2036,39166.574269238394,91785.5825443198
North Carolina,2037,39903.5555776495,93814.95709500276
North Carolina,2038,40640.53688606061,95844.33164568571
North Carolina,2039,41377.51819447195,97873.70619636867
North Carolina,2040,42114.49950288306,99903.08074705163
North Carolina,2041,42851.4808112944,101932.45529773459
North Carolina,2042,43588.46211970551,103961.82984841755
North Carolina,2043,44325.44342811685,105991.2043991005
North Carolina,2044,45062.42473652796,108020.57894978346
North Carolina,2045,45799.4060449393,110049.95350046642
North Carolina,2046,46536.38735335041,112079.32805114938
North Carolina,2047,47273.36866176175,114108.70260183234
North Carolina,2048,48010.34997017286,116138.0771525153
North Carolina,2049,48747.331278583966,118167.45170319825
North Carolina,2050,49484.31258699531,120196.82625388121
North Dakota,2021,2685.2758936755126,67738.94592117332
North Dakota,2022,2811.6984417964995,69076.96608615946
North Dakota,2023,2938.1209899174864,70414.9862511456
North Dakota,2024,3064.5435380385024,71753.00641613174
North Dakota,2025,3190.9660861594894,73091.02658111835
North Dakota,2026,3317.3886342804763,74429.04674610449
North Dakota,2027,3443.811182401463,75767.06691109063
North Dakota,2028,3570.23373052245,77105.08707607677
North Dakota,2029,3696.656278643437,78443.10724106338
North Dakota,2030,3823.078826764424,79781.12740604952
North Dakota,2031,3949.5013748854108,81119.14757103566
North Dakota,2032,4075.9239230063977,82457.1677360218
North Dakota,2033,4202.346471127385,83795.18790100794
North Dakota,2034,4328.769019248401,85133.20806599455
North Dakota,2035,4455.1915673693875,86471.22823098069
North Dakota,2036,4581.614115490374,87809.24839596683
North Dakota,2037,4708.036663611361,89147.26856095297
North Dakota,2038,4834.459211732348,90485.28872593958
North Dakota,2039,4960.881759853335,91823.30889092572
North Dakota,2040,5087.304307974322,93161.32905591186
North Dakota,2041,5213.726856095309,94499.349220898
North Dakota,2042,5340.149404216296,95837.36938588461
North Dakota,2043,5466.571952337283,97175.38955087075
North Dakota,2044,5592.994500458299,98513.40971585689
North Dakota,2045,5719.417048579286,99851.42988084303
North Dakota,2046,5845.8395967002725,101189.45004582964
North Dakota,2047,5972.262144821259,102527.47021081578
North Dakota,2048,6098.684692942246,103865.49037580192
North Dakota,2049,6225.107241063233,105203.51054078806
North Dakota,2050,6351.52978918422,106541.5307057742
Ohio,2021,47312.34097441705,67075.69242854416
Ohio,2022,49135.6700230306,69389.57206362858
Ohio,2023,50958.99907164415,71703.451698713
Ohio,2024,52782.32812025817,74017.33133379743
Ohio,2025,54605.65716887172,76331.21096888278
Ohio,2026,56428.986217485275,78645.0906039672
Ohio,2027,58252.31526609929,80958.97023905162
Ohio,2028,60075.644314712845,83272.84987413697
Ohio,2029,61898.9733633264,85586.72950922139
Ohio,2030,63722.302411940414,87900.60914430581
Ohio,2031,65545.63146055397,90214.48877939116
Ohio,2032,67368.96050916752,92528.36841447558
Ohio,2033,69192.28955778154,94842.24804956
Ohio,2034,71015.61860639509,97156.12768464535
Ohio,2035,72838.94765500864,99470.00731972978
Ohio,2036,74662.27670362266,101783.8869548142
Ohio,2037,76485.60575223621,104097.76658989955
Ohio,2038,78308.93480085023,106411.64622498397
Ohio,2039,80132.26384946378,108725.52586006839
Ohio,2040,81955.59289807733,111039.40549515281
Ohio,2041,83778.92194669135,113353.28513023816
Ohio,2042,85602.2509953049,115667.16476532258
Ohio,2043,87425.58004391845,117981.044400407
Ohio,2044,89248.90909253247,120294.92403549235
Ohio,2045,91072.23814114602,122608.80367057677
Ohio,2046,92895.56718975957,124922.6833056612
Ohio,2047,94718.89623837359,127236.56294074655
Ohio,2048,96542.22528698714,129550.44257583097
Ohio,2049,98365.5543356007,131864.3222109154
Ohio,2050,100188.88338421471,134178.20184600074
Oklahoma,2021,10177.189869160182,57076.92644041637
Oklahoma,2022,10326.327520096907,58267.41296962835
Oklahoma,2023,10475.465171033633,59457.89949883986
Oklahoma,2024,10624.602821970358,60648.38602805184
Oklahoma,2025,10773.740472907084,61838.87255726382
Oklahoma,2026,10922.87812384381,63029.3590864758
Oklahoma,2027,11072.015774780535,64219.84561568778
Oklahoma,2028,11221.153425717319,65410.33214489976
Oklahoma,2029,11370.291076654044,66600.81867411174
Oklahoma,2030,11519.42872759077,67791.30520332372
Oklahoma,2031,11668.566378527496,68981.7917325357
Oklahoma,2032,11817.704029464221,70172.27826174768
Oklahoma,2033,11966.841680400947,71362.76479095919
Oklahoma,2034,12115.979331337672,72553.25132017117
Oklahoma,2035,12265.116982274398,73743.73784938315
Oklahoma,2036,12414.254633211181,74934.22437859513
Oklahoma,2037,12563.392284147907,76124.71090780711
Oklahoma,2038,12712.529935084633,77315.19743701909
Oklahoma,2039,12861.667586021358,78505.68396623107
Oklahoma,2040,13010.805236958084,79696.17049544305
Oklahoma,2041,13159.94288789481,80886.65702465503
Oklahoma,2042,13309.080538831535,82077.143553867
Oklahoma,2043,13458.21818976826,83267.63008307852
Oklahoma,2044,13607.355840705044,84458.1166122905
Oklahoma,2045,13756.49349164177,85648.60314150248
Oklahoma,2046,13905.631142578495,86839.08967071446
Oklahoma,2047,14054.76879351522,88029.57619992644
Oklahoma,2048,14203.906444451946,89220.06272913842
Oklahoma,2049,14353.044095388672,90410.5492583504
Oklahoma,2050,14502.181746325397,91601.03578756237
Oregon,2021,19958.02749770833,77558.4142988082
Oregon,2022,21140.64436296979,80479.17506874446
Oregon,2023,22323.261228230782,83399.93583867978
Oregon,2024,23505.87809349224,86320.69660861604
Oregon,2025,24688.494958753232,89241.45737855136
Oregon,2026,25871.11182401469,92162.21814848762
Oregon,2027,27053.728689275682,95082.97891842294
Oregon,2028,28236.34555453714,98003.7396883592
Oregon,2029,29418.962419798132,100924.50045829453
Oregon,2030,30601.57928505959,103845.26122823078
Oregon,2031,31784.196150320582,106766.02199816704
Oregon,2032,32966.81301558204,109686.78276810236
Oregon,2033,34149.42988084303,112607.54353803862
Oregon,2034,35332.04674610449,115528.30430797394
Oregon,2035,36514.66361136548,118449.0650779102
Oregon,2036,37697.28047662694,121369.82584784552
Oregon,2037,38879.89734188793,124290.58661778178
Oregon,2038,40062.51420714939,127211.3473877171
Oregon,2039,41245.13107241038,130132.10815765336
Oregon,2040,42427.74793767184,133052.86892758962
Oregon,2041,43610.36480293283,135973.62969752494
Oregon,2042,44792.98166819429,138894.3904674612
Oregon,2043,45975.59853345528,141815.15123739652
Oregon,2044,47158.21539871674,144735.91200733278
Oregon,2045,48340.83226397773,147656.6727772681
Oregon,2046,49523.44912923919,150577.43354720436
Oregon,2047,50706.06599450018,153498.19431713969
Oregon,2048,51888.68285976164,156418.95508707594
Oregon,2049,53071.2997250231,159339.7158570122
Oregon,2050,54253.91659028409,162260.47662694752
Pennsylvania,2021,62534.91384051368,72831.3748854259
Pennsylvania,2022,65426.04766269494,75162.21814848762
Pennsylvania,2023,68317.1814848762,77493.0614115484
Pennsylvania,2024,71208.31530705746,79823.90467461012
Pennsylvania,2025,74099.44912923966,82154.74793767184
Pennsylvania,2026,76990.58295142092,84485.59120073263
Pennsylvania,2027,79881.71677360218,86816.43446379434
Pennsylvania,2028,82772.85059578344,89147.27772685606
Pennsylvania,2029,85663.9844179647,91478.12098991685
Pennsylvania,2030,88555.1182401469,93808.96425297856
Pennsylvania,2031,91446.25206232816,96139.80751604028
Pennsylvania,2032,94337.38588450942,98470.65077910107
Pennsylvania,2033,97228.51970669068,100801.49404216278
Pennsylvania,2034,100119.65352887288,103132.3373052245
Pennsylvania,2035,103010.78735105414,105463.18056828529
Pennsylvania,2036,105901.9211732354,107794.023831347
Pennsylvania,2037,108793.05499541666,110124.86709440872
Pennsylvania,2038,111684.18881759886,112455.7103574695
Pennsylvania,2039,114575.32263978012,114786.55362053122
Pennsylvania,2040,117466.45646196138,117117.39688359294
Pennsylvania,2041,120357.59028414264,119448.24014665373
Pennsylvania,2042,123248.72410632484,121779.08340971544
Pennsylvania,2043,126139.8579285061,124109.92667277716
Pennsylvania,2044,129030.99175068736,126440.76993583795
Pennsylvania,2045,131922.12557286862,128771.61319889966
Pennsylvania,2046,134813.25939505082,131102.45646196138
Pennsylvania,2047,137704.39321723208,133433.29972502217
Pennsylvania,2048,140595.52703941334,135764.14298808388
Pennsylvania,2049,143486.6608615946,138094.9862511456
Pennsylvania,2050,146377.79468377586,140425.8295142064
Rhode Island,2021,5200.721377912851,76363.53191489354
Rhode Island,2022,5359.118541033473,78983.98581560329
Rhode Island,2023,5517.515704154037,81604.4397163121
Rhode Island,2024,5675.912867274601,84224.89361702185
Rhode Island,2025,5834.310030395165,86845.34751773067
Rhode Island,2026,5992.707193515729,89465.80141843949
Rhode Island,2027,6151.104356636293,92086.25531914923
Rhode Island,2028,6309.501519756857,94706.70921985805
Rhode Island,2029,6467.898682877421,97327.1631205678
Rhode Island,2030,6626.295845997985,99947.61702127662
Rhode Island,2031,6784.6930091185495,102568.07092198636
Rhode Island,2032,6943.090172239114,105188.52482269518
Rhode Island,2033,7101.487335359678,107808.97872340493
Rhode Island,2034,7259.884498480242,110429.43262411375
Rhode Island,2035,7418.281661600806,113049.88652482256
Rhode Island,2036,7576.67882472137,115670.34042553231
Rhode Island,2037,7735.075987841934,118290.79432624113
Rhode Island,2038,7893.473150962498,120911.24822695088
Rhode Island,2039,8051.870314083062,123531.7021276597
Rhode Island,2040,8210.267477203684,126152.15602836944
Rhode Island,2041,8368.664640324248,128772.60992907826
Rhode Island,2042,8527.061803444813,131393.06382978708
Rhode Island,2043,8685.458966565377,134013.51773049682
Rhode Island,2044,8843.85612968594,136633.97163120564
Rhode Island,2045,9002.253292806505,139254.4255319154
Rhode Island,2046,9160.650455927069,141874.8794326242
Rhode Island,2047,9319.047619047633,144495.33333333395
Rhode Island,2048,9477.444782168197,147115.78723404277
Rhode Island,2049,9635.841945288761,149736.2411347516
Rhode Island,2050,9794.239108409325,152356.69503546134
South Carolina,2021,12691.975809452939,64665.470785262994
South Carolina,2022,13083.745378985303,67203.48095769808
South Carolina,2023,13475.51494851755,69741.49113013316
South Carolina,2024,13867.284518049913,72279.50130256824
South Carolina,2025,14259.05408758216,74817.51147500426
South Carolina,2026,14650.823657114524,77355.52164743934
South Carolina,2027,15042.593226646888,79893.53181987442
South Carolina,2028,15434.362796179135,82431.5419923095
South Carolina,2029,15826.132365711499,84969.55216474459
South Carolina,2030,16217.901935243746,87507.56233717967
South Carolina,2031,16609.67150477611,90045.57250961475
South Carolina,2032,17001.441074308474,92583.58268204983
South Carolina,2033,17393.21064384072,95121.59285448492
South Carolina,2034,17784.980213373085,97659.60302692093
South Carolina,2035,18176.74978290533,100197.61319935601
South Carolina,2036,18568.519352437695,102735.6233717911
South Carolina,2037,18960.288921969943,105273.63354422618
South Carolina,2038,19352.058491502306,107811.64371666126
South Carolina,2039,19743.82806103467,110349.65388909634
South Carolina,2040,20135.597630566917,112887.66406153142
South Carolina,2041,20527.36720009928,115425.6742339665
South Carolina,2042,20919.13676963153,117963.68440640159
South Carolina,2043,21310.906339163892,120501.69457883667
South Carolina,2044,21702.675908696256,123039.70475127269
South Carolina,2045,22094.445478228503,125577.71492370777
South Carolina,2046,22486.215047760867,128115.72509614285
South Carolina,2047,22877.984617293114,130653.73526857793
South Carolina,2048,23269.754186825478,133191.74544101302
South Carolina,2049,23661.52375635784,135729.7556134481
South Carolina,2050,24053.29332589009,138267.76578588318
South Dakota,2021,1814.8414298808348,67726.22364802891
South Dakota,2022,1855.9175068744225,69740.17415215401
South Dakota,2023,1896.9935838680103,71754.12465627864
South Dakota,2024,1938.0696608615835,73768.07516040327
South Dakota,2025,1979.1457378551713,75782.0256645279
South Dakota,2026,2020.221814848759,77795.97616865253
South Dakota,2027,2061.297891842347,79809.92667277716
South Dakota,2028,2102.37396883592,81823.87717690179
South Dakota,2029,2143.450045829508,83837.82768102642
South Dakota,2030,2184.5261228230956,85851.77818515105
South Dakota,2031,2225.6021998166834,87865.72868927568
South Dakota,2032,2266.6782768102566,89879.67919340031
South Dakota,2033,2307.7543538038444,91893.62969752494
South Dakota,2034,2348.830430797432,93907.58020164957
South Dakota,2035,2389.9065077910054,95921.5307057742
South Dakota,2036,2430.982584784593,97935.48120989883
South Dakota,2037,2472.058661778181,99949.43171402346
South Dakota,2038,2513.1347387717688,101963.3822181481
South Dakota,2039,2554.210815765342,103977.33272227272
South Dakota,2040,2595.2868927589298,105991.28322639782
South Dakota,2041,2636.3629697525175,108005.23373052245
South Dakota,2042,2677.4390467461053,110019.18423464708
South Dakota,2043,2718.5151237396785,112033.13473877171
South Dakota,2044,2759.5912007332663,114047.08524289634
South Dakota,2045,2800.667277726854,116061.03574702097
South Dakota,2046,2841.743354720442,118074.9862511456
South Dakota,2047,2882.819431714015,120088.93675527023
South Dakota,2048,2923.895508707603,122102.88725939486
South Dakota,2049,2964.9715857011906,124116.83776351949
South Dakota,2050,3006.047662694764,126130.78826764412
Tennessee,2021,18577.28540975123,60492.08149343729
Tennessee,2022,18973.138471845887,62487.1163626397
Tennessee,2023,19368.991533940425,64482.151231842116
Tennessee,2024,19764.84459603508,66477.18610104453
Tennessee,2025,20160.69765812962,68472.22097024694
Tennessee,2026,20556.550720224273,70467.25583944935
Tennessee,2027,20952.403782318812,72462.29070865223
Tennessee,2028,21348.25684441335,74457.32557785464
Tennessee,2029,21744.109906508005,76452.36044705706
Tennessee,2030,22139.962968602544,78447.39531625947
Tennessee,2031,22535.8160306972,80442.43018546188
Tennessee,2032,22931.669092791737,82437.4650546643
Tennessee,2033,23327.522154886392,84432.49992386671
Tennessee,2034,23723.37521698093,86427.53479306912
Tennessee,2035,24119.22827907547,88422.56966227153
Tennessee,2036,24515.081341170124,90417.60453147395
Tennessee,2037,24910.934403264662,92412.63940067636
Tennessee,2038,25306.787465359317,94407.67426987877
Tennessee,2039,25702.640527453856,96402.70913908118
Tennessee,2040,26098.49358954851,98397.7440082836
Tennessee,2041,26494.34665164305,100392.77887748601
Tennessee,2042,26890.199713737587,102387.81374668842
Tennessee,2043,27286.052775832242,104382.84861589083
Tennessee,2044,27681.90583792678,106377.88348509325
Tennessee,2045,28077.758900021436,108372.91835429566
Tennessee,2046,28473.611962115974,110367.95322349807
Tennessee,2047,28869.46502421063,112362.98809270049
Tennessee,2048,29265.318086305168,114358.0229619029
Tennessee,2049,29661.171148399706,116353.05783110531
Tennessee,2050,30057.02421049436,118348.09270030772
Texas,2021,77538.89813161921,68866.41318576643
Texas,2022,80234.2181363795,70919.339521599
Texas,2023,82929.53814113978,72972.26585743157
Texas,2024,85624.85814590007,75025.19219326414
Texas,2025,88320.17815066036,77078.11852909625
Texas,2026,91015.49815542065,79131.04486492882
Texas,2027,93710.81816018093,81183.97120076139
Texas,2028,96406.13816494122,83236.89753659396
Texas,2029,99101.45816970151,85289.82387242606
Texas,2030,101796.7781744618,87342.75020825863
Texas,2031,104492.09817922115,89395.6765440912
Texas,2032,107187.41818398144,91448.6028799233
Texas,2033,109882.73818874173,93501.52921575587
Texas,2034,112578.05819350202,95554.45555158844
Texas,2035,115273.3781982623,97607.38188742101
Texas,2036,117968.69820302259,99660.30822325312
Texas,2037,120664.01820778288,101713.23455908569
Texas,2038,123359.33821254317,103766.16089491826
Texas,2039,126054.65821730345,105819.08723075036
Texas,2040,128749.97822206374,107872.01356658293
Texas,2041,131445.29822682403,109924.9399024155
Texas,2042,134140.61823158432,111977.86623824807
Texas,2043,136835.93823634367,114030.79257408017
Texas,2044,139531.25824110396,116083.71890991321
Texas,2045,142226.57824586425,118136.64524574531
Texas,2046,144921.89825062454,120189.57158157742
Texas,2047,147617.21825538483,122242.49791741045
Texas,2048,150312.5382601451,124295.42425324256
Texas,2049,153007.8582649054,126348.35058907466
Texas,2050,155703.1782696657,128401.2769249077
Utah,2021,5575.438082097215,86237.33356329799
Utah,2022,5805.20213866845,89416.46257330105
Utah,2023,6034.9661952396855,92595.59158330504
Utah,2024,6264.730251810921,95774.7205933081
Utah,2025,6494.494308382156,98953.84960331116
Utah,2026,6724.258364953392,102132.97861331515
Utah,2027,6954.022421524569,105312.10762331821
Utah,2028,7183.786478095804,108491.2366333222
Utah,2029,7413.55053466704,111670.36564332526
Utah,2030,7643.314591238275,114849.49465332832
Utah,2031,7873.078647809511,118028.62366333231
Utah,2032,8102.842704380746,121207.75267333537
Utah,2033,8332.606760951981,124386.88168333936
Utah,2034,8562.370817523217,127566.01069334242
Utah,2035,8792.134874094452,130745.13970334642
Utah,2036,9021.898930665688,133924.26871334948
Utah,2037,9251.662987236923,137103.39772335254
Utah,2038,9481.427043808158,140282.52673335653
Utah,2039,9711.191100379394,143461.6557433596
Utah,2040,9940.95515695063,146640.78475336358
Utah,2041,10170.719213521807,149819.91376336664
Utah,2042,10400.483270093042,152999.0427733697
Utah,2043,10630.247326664277,156178.1717833737
Utah,2044,10860.011383235513,159357.30079337675
Utah,2045,11089.775439806748,162536.42980338074
Utah,2046,11319.539496377984,165715.5588133838
Utah,2047,11549.303552949219,168894.6878233878
Utah,2048,11779.067609520454,172073.81683339085
Utah,2049,12008.83166609169,175252.9458433939
Utah,2050,12238.595722662925,178432.0748533979
Vermont,2021,3360.099908340955,72913.05224564625
Vermont,2022,3418.7745187900873,74808.52428964246
Vermont,2023,3477.4491292392195,76703.99633363867
Vermont,2024,3536.1237396883516,78599.46837763535
Vermont,2025,3594.798350137484,80494.94042163156
Vermont,2026,3653.4729605866014,82390.41246562777
Vermont,2027,3712.1475710357336,84285.88450962398
Vermont,2028,3770.8221814848657,86181.35655362066
Vermont,2029,3829.496791933998,88076.82859761687
Vermont,2030,3888.17140238313,89972.30064161308
Vermont,2031,3946.8460128322477,91867.77268560976
Vermont,2032,4005.52062328138,93763.24472960597
Vermont,2033,4064.195233730512,95658.71677360218
Vermont,2034,4122.869844179644,97554.18881759839
Vermont,2035,4181.544454628776,99449.66086159507
Vermont,2036,4240.219065077894,101345.13290559128
Vermont,2037,4298.893675527026,103240.60494958749
Vermont,2038,4357.568285976158,105136.0769935837
Vermont,2039,4416.24289642529,107031.54903758038
Vermont,2040,4474.9175068744225,108927.02108157659
Vermont,2041,4533.59211732354,110822.4931255728
Vermont,2042,4592.266727772672,112717.96516956901
Vermont,2043,4650.9413382218045,114613.43721356569
Vermont,2044,4709.615948670937,116508.9092575619
Vermont,2045,4768.290559120069,118404.38130155811
Vermont,2046,4826.965169569186,120299.85334555432
Vermont,2047,4885.639780018319,122195.325389551
Vermont,2048,4944.314390467451,124090.79743354721
Vermont,2049,5002.989000916583,125986.26947754342
Vermont,2050,5061.663611365715,127881.7415215401
Virginia,2021,22470.223602484446,81619.50310558919
Virginia,2022,23605.61612206325,83740.15257898904
Virginia,2023,24741.008641641587,85860.80205238983
Virginia,2024,25876.40116122039,87981.45152578969
Virginia,2025,27011.793680799194,90102.10099918954
Virginia,2026,28147.186200377997,92222.7504725894
Virginia,2027,29282.5787199568,94343.39994598925
Virginia,2028,30417.971239535604,96464.0494193891
Virginia,2029,31553.36375911394,98584.69889278896
Virginia,2030,32688.756278692745,100705.34836618882
Virginia,2031,33824.14879827155,102825.99783958867
Virginia,2032,34959.54131785035,104946.64731298853
Virginia,2033,36094.933837429155,107067.29678638931
Virginia,2034,37230.32635700749,109187.94625978917
Virginia,2035,38365.718876586296,111308.59573318902
Virginia,2036,39501.1113961651,113429.24520658888
Virginia,2037,40636.5039157439,115549.89467998873
Virginia,2038,41771.896435322706,117670.54415338859
Virginia,2039,42907.28895490151,119791.19362678844
Virginia,2040,44042.68147447985,121911.8431001883
Virginia,2041,45178.07399405865,124032.49257358816
Virginia,2042,46313.46651363745,126153.14204698801
Virginia,2043,47448.85903321626,128273.7915203888
Virginia,2044,48584.25155279506,130394.44099378865
Virginia,2045,49719.64407237386,132515.0904671885
Virginia,2046,50855.0365919522,134635.73994058836
Virginia,2047,51990.429111531004,136756.38941398822
Virginia,2048,53125.82163110981,138877.03888738807
Virginia,2049,54261.21415068861,140997.68836078793
Virginia,2050,55396.606670267414,143118.33783418778
Washington,2021,27175.39505041251,85948.3134738775
Washington,2022,28597.82401466556,88951.14573785476
Washington,2023,30020.25297891861,91953.97800183296
Washington,2024,31442.681943171658,94956.81026581116
Washington,2025,32865.11090742424,97959.64252978936
Washington,2026,34287.53987167729,100962.47479376756
Washington,2027,35709.96883593034,103965.30705774482
Washington,2028,37132.39780018339,106968.13932172302
Washington,2029,38554.82676443644,109970.97158570122
Washington,2030,39977.25572868949,112973.80384967942
Washington,2031,41399.68469294254,115976.63611365762
Washington,2032,42822.11365719512,118979.46837763488
Washington,2033,44244.54262144817,121982.30064161308
Washington,2034,45666.97158570122,124985.13290559128
Washington,2035,47089.40054995427,127987.96516956948
Washington,2036,48511.82951420732,130990.79743354768
Washington,2037,49934.25847846037,133993.62969752494
Washington,2038,51356.68744271342,136996.46196150314
Washington,2039,52779.116406966,139999.29422548134
Washington,2040,54201.54537121905,143002.12648945954
Washington,2041,55623.9743354721,146004.9587534368
Washington,2042,57046.40329972515,149007.791017415
Washington,2043,58468.8322639782,152010.6232813932
Washington,2044,59891.26122823125,155013.4555453714
Washington,2045,61313.69019248383,158016.2878093496
Washington,2046,62736.11915673688,161019.12007332686
Washington,2047,64158.54812098993,164021.95233730506
Washington,2048,65580.97708524298,167024.78460128326
Washington,2049,67003.40604949603,170027.61686526146
Washington,2050,68425.83501374908,173030.44912923966
West Virginia,2021,8039.816681943135,52990.32997250231
West Virginia,2022,8317.037580201635,54361.73235563701
West Virginia,2023,8594.258478460135,55733.13473877171
West Virginia,2024,8871.479376718518,57104.53712190641
West Virginia,2025,9148.700274977018,58475.93950504111
West Virginia,2026,9425.921173235518,59847.34188817581
West Virginia,2027,9703.142071494018,61218.74427131051
West Virginia,2028,9980.362969752518,62590.14665444521
West Virginia,2029,10257.583868010901,63961.54903757991
West Virginia,2030,10534.8047662694,65332.95142071508
West Virginia,2031,10812.0256645279,66704.35380384978
West Virginia,2032,11089.2465627864,68075.75618698448
West Virginia,2033,11366.4674610449,69447.15857011918
West Virginia,2034,11643.6883593034,70818.56095325388
West Virginia,2035,11920.909257561783,72189.96333638858
West Virginia,2036,12198.130155820283,73561.36571952328
West Virginia,2037,12475.351054078783,74932.76810265798
West Virginia,2038,12752.571952337283,76304.17048579268
West Virginia,2039,13029.792850595783,77675.57286892738
West Virginia,2040,13307.013748854166,79046.97525206208
West Virginia,2041,13584.234647112666,80418.37763519678
West Virginia,2042,13861.455545371165,81789.78001833195
West Virginia,2043,14138.676443629665,83161.18240146665
West Virginia,2044,14415.897341888165,84532.58478460135
West Virginia,2045,14693.118240146665,85903.98716773605
West Virginia,2046,14970.339138405048,87275.38955087075
West Virginia,2047,15247.560036663548,88646.79193400545
West Virginia,2048,15524.780934922048,90018.19431714015
West Virginia,2049,15802.001833180548,91389.59670027485
West Virginia,2050,16079.222731439047,92760.99908340955
Wisconsin,2021,18363.112587695476,69850.63747976255
Wisconsin,2022,18956.29364543967,71760.44185105246
Wisconsin,2023,19549.474703183863,73670.24622234236
Wisconsin,2024,20142.65576092829,75580.05059363227
Wisconsin,2025,20735.836818672484,77489.85496492172
Wisconsin,2026,21329.017876416678,79399.65933621163
Wisconsin,2027,21922.19893416087,81309.46370750153
Wisconsin,2028,22515.379991905065,83219.26807879144
Wisconsin,2029,23108.56104964926,85129.07245008089
Wisconsin,2030,23701.742107393453,87038.8768213708
Wisconsin,2031,24294.923165137647,88948.6811926607
Wisconsin,2032,24888.10422288184,90858.48556395061
Wisconsin,2033,25481.285280626034,92768.28993524052
Wisconsin,2034,26074.46633837023,94678.09430652997
Wisconsin,2035,26667.647396114422,96587.89867781987
Wisconsin,2036,27260.828453858616,98497.70304910978
Wisconsin,2037,27854.00951160281,100407.50742039969
Wisconsin,2038,28447.190569347003,102317.31179168914
Wisconsin,2039,29040.371627091197,104227.11616297904
Wisconsin,2040,29633.55268483539,106136.92053426895
Wisconsin,2041,30226.733742579585,108046.72490555886
Wisconsin,2042,30819.91480032378,109956.5292768483
Wisconsin,2043,31413.095858067973,111866.33364813821
Wisconsin,2044,32006.276915812166,113776.13801942812
Wisconsin,2045,32599.45797355636,115685.94239071803
Wisconsin,2046,33192.639031300554,117595.74676200747
Wisconsin,2047,33785.82008904475,119505.55113329738
Wisconsin,2048,34379.00114678894,121415.35550458729
Wisconsin,2049,34972.182204533136,123325.1598758772
Wisconsin,2050,35565.36326227733,125234.96424716711
Wyoming,2021,1209.0359908108585,64808.72032672516
Wyoming,2022,1225.6298817323259,65674.8264272951
Wyoming,2023,1242.2237726537933,66540.93252786528
Wyoming,2024,1258.8176635752607,67407.03862843523
Wyoming,2025,1275.411554496728,68273.1447290054
Wyoming,2026,1292.0054454181954,69139.25082957535
Wyoming,2027,1308.5993363396628,70005.35693014553
Wyoming,2028,1325.193227261123,70871.46303071547
Wyoming,2029,1341.7871181825903,71737.56913128565
Wyoming,2030,1358.3810091040577,72603.67523185583
Wyoming,2031,1374.9749000255251,73469.78133242577
Wyoming,2032,1391.5687909469925,74335.88743299595
Wyoming,2033,1408.16268186846,75201.9935335659
Wyoming,2034,1424.7565727899273,76068.09963413607
Wyoming,2035,1441.3504637113947,76934.20573470602
Wyoming,2036,1457.944354632862,77800.3118352762
Wyoming,2037,1474.5382455543295,78666.41793584614
Wyoming,2038,1491.1321364757969,79532.52403641632
Wyoming,2039,1507.7260273972643,80398.63013698626
Wyoming,2040,1524.3199183187317,81264.73623755644
Wyoming,2041,1540.913809240199,82130.84233812639
Wyoming,2042,1557.5077001616592,82996.94843869656
Wyoming,2043,1574.1015910831266,83863.05453926651
Wyoming,2044,1590.695482004594,84729.16063983669
Wyoming,2045,1607.2893729260613,85595.26674040663
Wyoming,2046,1623.8832638475287,86461.37284097681
Wyoming,2047,1640.4771547689961,87327.47894154675
Wyoming,2048,1657.0710456904635,88193.58504211693
Wyoming,2049,1673.664936611931,89059.69114268711
Wyoming,2050,1690.2588275333983,89925.79724325705
